scheduler,profile,vehicles,cores,exec,overrun,net_delay_ms,seed,duration_s,missed_jobs,veh,avg_perf,max_roll,soft_pct,hard,max_age_fresh_ms,max_age_path_ms,min_ttpnr_ms,past_pnr_ms
rm,v10,6,3,worst,kill,-1.00,0,30.000,0,0,0.020859,0.185060,0.0000,0,80.50,100.50,-1.00,0.0
rm,v10,6,3,worst,kill,-1.00,0,30.000,0,1,0.068131,0.844841,0.5667,0,80.50,80.50,385.10,0.0
rm,v10,6,3,worst,kill,-1.00,0,30.000,0,2,0.029897,0.374502,0.0000,0,90.50,90.50,-1.00,0.0
rm,v10,6,3,worst,kill,-1.00,0,30.000,0,3,0.506996,2.738879,13.4333,0,90.50,90.50,400.10,0.0
rm,v10,6,3,worst,kill,-1.00,0,30.000,0,4,0.230993,1.933868,4.8333,0,90.50,90.50,320.10,0.0
rm,v10,6,3,worst,kill,-1.00,0,30.000,0,5,0.051836,0.677818,0.0000,0,90.50,90.50,295.10,0.0
prm,v10,6,3,worst,kill,-1.00,0,30.000,0,0,0.018840,0.182397,0.0000,0,90.50,90.50,-1.00,0.0
prm,v10,6,3,worst,kill,-1.00,0,30.000,0,1,0.060111,0.814939,0.0000,0,90.50,90.50,385.10,0.0
prm,v10,6,3,worst,kill,-1.00,0,30.000,0,2,0.024771,0.339831,0.0000,0,90.50,90.50,-1.00,0.0
prm,v10,6,3,worst,kill,-1.00,0,30.000,0,3,0.345708,1.886144,9.2000,0,90.50,90.50,-1.00,0.0
prm,v10,6,3,worst,kill,-1.00,0,30.000,0,4,0.260777,2.155924,5.5333,0,90.50,90.50,320.10,0.0
prm,v10,6,3,worst,kill,-1.00,0,30.000,0,5,0.042210,0.601060,0.0000,0,90.50,90.50,295.10,0.0
edf,v10,6,3,worst,kill,-1.00,0,30.000,0,0,0.020859,0.185060,0.0000,0,80.50,100.50,-1.00,0.0
edf,v10,6,3,worst,kill,-1.00,0,30.000,0,1,0.068131,0.844841,0.5667,0,80.50,80.50,385.10,0.0
edf,v10,6,3,worst,kill,-1.00,0,30.000,0,2,0.029897,0.374502,0.0000,0,90.50,90.50,-1.00,0.0
edf,v10,6,3,worst,kill,-1.00,0,30.000,0,3,0.506996,2.738879,13.4333,0,90.50,90.50,400.10,0.0
edf,v10,6,3,worst,kill,-1.00,0,30.000,0,4,0.230993,1.933868,4.8333,0,90.50,90.50,320.10,0.0
edf,v10,6,3,worst,kill,-1.00,0,30.000,0,5,0.051836,0.677818,0.0000,0,90.50,90.50,295.10,0.0
context,v10,6,3,worst,kill,-1.00,0,30.000,0,0,0.020985,0.187326,0.0000,0,90.50,100.50,-1.00,0.0
context,v10,6,3,worst,kill,-1.00,0,30.000,0,1,0.073133,0.912455,0.5667,0,100.50,100.50,385.10,0.0
context,v10,6,3,worst,kill,-1.00,0,30.000,0,2,0.030609,0.370642,0.0000,0,90.50,110.50,-1.00,0.0
context,v10,6,3,worst,kill,-1.00,0,30.000,0,3,0.427096,2.286603,11.0333,0,90.50,100.50,425.10,0.0
context,v10,6,3,worst,kill,-1.00,0,30.000,0,4,0.303263,2.466968,6.7333,0,90.50,100.50,300.10,0.0
context,v10,6,3,worst,kill,-1.00,0,30.000,0,5,0.051398,0.674417,0.0000,0,100.50,100.50,295.10,0.0
honest,v10,6,3,worst,kill,-1.00,0,30.000,0,0,0.021148,0.184457,0.0000,0,100.50,120.50,-1.00,0.0
honest,v10,6,3,worst,kill,-1.00,0,30.000,0,1,0.073197,0.912455,0.5667,0,100.50,110.50,385.10,0.0
honest,v10,6,3,worst,kill,-1.00,0,30.000,0,2,0.030521,0.367756,0.0000,0,100.50,120.50,-1.00,0.0
honest,v10,6,3,worst,kill,-1.00,0,30.000,0,3,0.427771,2.283572,11.0333,0,100.50,110.50,425.10,0.0
honest,v10,6,3,worst,kill,-1.00,0,30.000,0,4,0.302520,2.459306,6.7000,0,90.50,110.50,300.10,0.0
honest,v10,6,3,worst,kill,-1.00,0,30.000,0,5,0.051020,0.670445,0.0000,0,100.50,120.50,295.10,0.0
ttu,v10,6,3,worst,kill,-1.00,0,30.000,0,0,0.020392,0.183246,0.0000,0,85.50,100.50,-1.00,0.0
ttu,v10,6,3,worst,kill,-1.00,0,30.000,0,1,0.069080,0.882411,0.5333,0,90.50,90.50,385.10,0.0
ttu,v10,6,3,worst,kill,-1.00,0,30.000,0,2,0.029616,0.369984,0.0000,0,90.50,90.50,-1.00,0.0
ttu,v10,6,3,worst,kill,-1.00,0,30.000,0,3,0.503194,2.715387,13.3333,0,90.50,100.50,420.10,0.0
ttu,v10,6,3,worst,kill,-1.00,0,30.000,0,4,0.241184,2.012756,4.9667,0,100.50,100.50,310.10,0.0
ttu,v10,6,3,worst,kill,-1.00,0,30.000,0,5,0.051968,0.671859,0.0000,0,100.50,100.50,295.10,0.0
rm,v10,8,3,worst,kill,-1.00,0,30.000,0,0,0.019662,0.174863,0.0000,0,80.50,80.50,-1.00,0.0
rm,v10,8,3,worst,kill,-1.00,0,30.000,0,1,0.040696,0.232105,0.0000,0,90.50,90.50,-1.00,0.0
rm,v10,8,3,worst,kill,-1.00,0,30.000,0,2,0.092938,0.850810,0.9333,0,90.50,90.50,320.10,0.0
rm,v10,8,3,worst,kill,-1.00,0,30.000,0,3,0.024512,0.302840,0.0000,0,90.50,90.50,-1.00,0.0
rm,v10,8,3,worst,kill,-1.00,0,30.000,0,4,0.506996,2.738879,13.4333,0,90.50,90.50,400.10,0.0
rm,v10,8,3,worst,kill,-1.00,0,30.000,0,5,0.630407,3.132426,15.1667,0,90.50,90.50,380.10,0.0
rm,v10,8,3,worst,kill,-1.00,0,30.000,0,6,0.025852,0.167969,0.0000,0,85.50,85.50,-1.00,0.0
rm,v10,8,3,worst,kill,-1.00,0,30.000,0,7,0.012086,0.165309,0.0000,0,85.50,85.50,-1.00,0.0
prm,v10,8,3,worst,kill,-1.00,0,30.000,0,0,0.018840,0.182397,0.0000,0,90.50,90.50,-1.00,0.0
prm,v10,8,3,worst,kill,-1.00,0,30.000,0,1,0.031429,0.228991,0.0000,0,90.50,90.50,-1.00,0.0
prm,v10,8,3,worst,kill,-1.00,0,30.000,0,2,0.069107,0.719465,0.2333,0,90.50,90.50,320.10,0.0
prm,v10,8,3,worst,kill,-1.00,0,30.000,0,3,0.021257,0.285360,0.0000,0,90.50,90.50,-1.00,0.0
prm,v10,8,3,worst,kill,-1.00,0,30.000,0,4,0.345708,1.886144,9.2000,0,90.50,90.50,-1.00,0.0
prm,v10,8,3,worst,kill,-1.00,0,30.000,0,5,0.439763,2.168163,11.3000,0,90.50,90.50,430.10,0.0
prm,v10,8,3,worst,kill,-1.00,0,30.000,0,6,0.019092,0.165543,0.0000,0,85.50,85.50,-1.00,0.0
prm,v10,8,3,worst,kill,-1.00,0,30.000,0,7,0.011987,0.165309,0.0000,0,85.50,85.50,-1.00,0.0
edf,v10,8,3,worst,kill,-1.00,0,30.000,0,0,0.019662,0.174863,0.0000,0,80.50,80.50,-1.00,0.0
edf,v10,8,3,worst,kill,-1.00,0,30.000,0,1,0.040696,0.232105,0.0000,0,90.50,90.50,-1.00,0.0
edf,v10,8,3,worst,kill,-1.00,0,30.000,0,2,0.092938,0.850810,0.9333,0,90.50,90.50,320.10,0.0
edf,v10,8,3,worst,kill,-1.00,0,30.000,0,3,0.024512,0.302840,0.0000,0,90.50,90.50,-1.00,0.0
edf,v10,8,3,worst,kill,-1.00,0,30.000,0,4,0.506996,2.738879,13.4333,0,90.50,90.50,400.10,0.0
edf,v10,8,3,worst,kill,-1.00,0,30.000,0,5,0.630407,3.132426,15.1667,0,90.50,90.50,380.10,0.0
edf,v10,8,3,worst,kill,-1.00,0,30.000,0,6,0.025852,0.167969,0.0000,0,85.50,85.50,-1.00,0.0
edf,v10,8,3,worst,kill,-1.00,0,30.000,0,7,0.012741,0.171037,0.0000,0,85.50,95.50,-1.00,0.0
context,v10,8,3,worst,kill,-1.00,0,30.000,1500,0,0.024713,0.187482,0.0000,0,90.50,105.50,-1.00,0.0
context,v10,8,3,worst,kill,-1.00,0,30.000,1500,1,0.036873,0.233405,0.0000,0,90.50,110.50,-1.00,0.0
context,v10,8,3,worst,kill,-1.00,0,30.000,1500,2,0.088582,0.844053,0.9333,0,100.50,120.50,320.10,0.0
context,v10,8,3,worst,kill,-1.00,0,30.000,1500,3,0.025636,0.299843,0.0000,0,100.50,105.50,-1.00,0.0
context,v10,8,3,worst,kill,-1.00,0,30.000,1500,4,0.426490,2.286419,11.0000,0,105.50,105.50,430.10,0.0
context,v10,8,3,worst,kill,-1.00,0,30.000,1500,5,0.527951,2.618385,13.4667,0,90.50,105.50,405.10,0.0
context,v10,8,3,worst,kill,-1.00,0,30.000,1500,6,0.027924,0.188666,0.0000,0,95.50,105.50,-1.00,0.0
context,v10,8,3,worst,kill,-1.00,0,30.000,1500,7,0.018313,0.174006,0.0000,0,100.50,105.50,-1.00,0.0
honest,v10,8,3,worst,kill,-1.00,0,30.000,1498,0,0.022331,0.185431,0.0000,0,105.50,120.50,-1.00,0.0
honest,v10,8,3,worst,kill,-1.00,0,30.000,1498,1,0.036990,0.233410,0.0000,0,100.50,120.50,-1.00,0.0
honest,v10,8,3,worst,kill,-1.00,0,30.000,1498,2,0.088722,0.844053,0.9333,0,100.50,110.50,320.10,0.0
honest,v10,8,3,worst,kill,-1.00,0,30.000,1498,3,0.026311,0.299842,0.0000,0,100.50,120.50,-1.00,0.0
honest,v10,8,3,worst,kill,-1.00,0,30.000,1498,4,0.427355,2.286155,11.0333,0,100.50,120.50,430.10,0.0
honest,v10,8,3,worst,kill,-1.00,0,30.000,1498,5,0.529430,2.620244,13.5000,0,105.50,120.50,405.10,0.0
honest,v10,8,3,worst,kill,-1.00,0,30.000,1498,6,0.026430,0.174495,0.0000,0,105.50,105.50,-1.00,0.0
honest,v10,8,3,worst,kill,-1.00,0,30.000,1498,7,0.014318,0.175637,0.0000,0,105.50,115.50,-1.00,0.0
ttu,v10,8,3,worst,kill,-1.00,0,30.000,0,0,0.019665,0.174863,0.0000,0,90.50,90.50,-1.00,0.0
ttu,v10,8,3,worst,kill,-1.00,0,30.000,0,1,0.040696,0.232105,0.0000,0,90.50,90.50,-1.00,0.0
ttu,v10,8,3,worst,kill,-1.00,0,30.000,0,2,0.092858,0.850036,0.9333,0,100.50,100.50,320.10,0.0
ttu,v10,8,3,worst,kill,-1.00,0,30.000,0,3,0.024519,0.302960,0.0000,0,90.50,90.50,-1.00,0.0
ttu,v10,8,3,worst,kill,-1.00,0,30.000,0,4,0.502810,2.715323,13.3333,0,90.50,100.50,420.10,0.0
ttu,v10,8,3,worst,kill,-1.00,0,30.000,0,5,0.621287,3.070115,15.0667,0,100.50,100.50,400.10,0.0
ttu,v10,8,3,worst,kill,-1.00,0,30.000,0,6,0.025852,0.167969,0.0000,0,85.50,85.50,-1.00,0.0
ttu,v10,8,3,worst,kill,-1.00,0,30.000,0,7,0.012086,0.165309,0.0000,0,85.50,85.50,-1.00,0.0
rm,v10,10,3,worst,kill,-1.00,0,30.000,0,0,0.021676,0.182397,0.0000,0,90.50,90.50,-1.00,0.0
rm,v10,10,3,worst,kill,-1.00,0,30.000,0,1,0.039162,0.182397,0.0000,0,90.50,90.50,-1.00,0.0
rm,v10,10,3,worst,kill,-1.00,0,30.000,0,2,0.046246,0.268366,0.0000,0,90.50,90.50,-1.00,0.0
rm,v10,10,3,worst,kill,-1.00,0,30.000,0,3,0.037394,0.914847,0.0000,0,90.50,90.50,335.10,0.0
rm,v10,10,3,worst,kill,-1.00,0,30.000,0,4,0.030718,0.300585,0.0000,0,90.50,90.50,-1.00,0.0
rm,v10,10,3,worst,kill,-1.00,0,30.000,0,5,0.514382,2.763037,13.5333,0,90.50,90.50,400.10,0.0
rm,v10,10,3,worst,kill,-1.00,0,30.000,0,6,0.647685,3.278419,15.4333,0,85.50,95.50,380.10,0.0
rm,v10,10,3,worst,kill,-1.00,0,30.000,0,7,0.055494,0.833165,0.0000,0,85.50,85.50,370.10,0.0
rm,v10,10,3,worst,kill,-1.00,0,30.000,0,8,0.065153,0.973726,0.9333,0,85.50,85.50,185.10,0.0
rm,v10,10,3,worst,kill,-1.00,0,30.000,0,9,0.015012,0.175398,0.0000,0,85.50,85.50,-1.00,0.0
prm,v10,10,3,worst,kill,-1.00,0,30.000,2998,0,0.018840,0.182397,0.0000,0,90.50,90.50,-1.00,0.0
prm,v10,10,3,worst,kill,-1.00,0,30.000,2998,1,0.030435,0.182397,0.0000,0,90.50,90.50,-1.00,0.0
prm,v10,10,3,worst,kill,-1.00,0,30.000,2998,2,0.036949,0.264041,0.0000,0,90.50,90.50,-1.00,0.0
prm,v10,10,3,worst,kill,-1.00,0,30.000,2998,3,0.037571,0.889058,0.0000,0,90.50,100.50,410.10,0.0
prm,v10,10,3,worst,kill,-1.00,0,30.000,2998,4,0.025490,0.285360,0.0000,0,90.50,90.50,-1.00,0.0
prm,v10,10,3,worst,kill,-1.00,0,30.000,2998,5,0.345708,1.886144,9.2000,0,90.50,90.50,-1.00,0.0
prm,v10,10,3,worst,kill,-1.00,0,30.000,2998,6,0.460990,2.326389,11.6333,0,85.50,85.50,410.10,0.0
prm,v10,10,3,worst,kill,-1.00,0,30.000,2998,7,0.046319,0.738602,0.0000,0,85.50,85.50,390.10,0.0
prm,v10,10,3,worst,kill,-1.00,0,30.000,2998,8,0.064006,0.972954,0.9333,0,85.50,85.50,185.10,0.0
prm,v10,10,3,worst,kill,-1.00,0,30.000,2998,9,47.097191,1106.565968,12.3667,280,-1.00,-1.00,0.00,3060.0
edf,v10,10,3,worst,kill,-1.00,0,30.000,0,0,0.021676,0.182397,0.0000,0,90.50,90.50,-1.00,0.0
edf,v10,10,3,worst,kill,-1.00,0,30.000,0,1,0.039162,0.182397,0.0000,0,90.50,90.50,-1.00,0.0
edf,v10,10,3,worst,kill,-1.00,0,30.000,0,2,0.046246,0.268366,0.0000,0,90.50,90.50,-1.00,0.0
edf,v10,10,3,worst,kill,-1.00,0,30.000,0,3,0.037394,0.914847,0.0000,0,90.50,90.50,335.10,0.0
edf,v10,10,3,worst,kill,-1.00,0,30.000,0,4,0.030718,0.300585,0.0000,0,90.50,90.50,-1.00,0.0
edf,v10,10,3,worst,kill,-1.00,0,30.000,0,5,0.514382,2.763037,13.5333,0,90.50,90.50,400.10,0.0
edf,v10,10,3,worst,kill,-1.00,0,30.000,0,6,0.535170,2.692061,13.7000,0,75.50,85.50,415.10,0.0
edf,v10,10,3,worst,kill,-1.00,0,30.000,0,7,0.060783,0.882261,0.0000,0,85.50,95.50,365.10,0.0
edf,v10,10,3,worst,kill,-1.00,0,30.000,0,8,0.068346,1.027100,0.9000,0,85.50,95.50,185.10,0.0
edf,v10,10,3,worst,kill,-1.00,0,30.000,0,9,0.015790,0.180942,0.0000,0,80.50,95.50,-1.00,0.0
context,v10,10,3,worst,kill,-1.00,0,30.000,4496,0,0.033678,0.181410,0.0000,0,105.50,105.50,-1.00,0.0
context,v10,10,3,worst,kill,-1.00,0,30.000,4496,1,0.040600,0.197187,0.0000,0,95.50,110.50,-1.00,0.0
context,v10,10,3,worst,kill,-1.00,0,30.000,4496,2,0.047068,0.276382,0.0000,0,100.50,120.50,-1.00,0.0
context,v10,10,3,worst,kill,-1.00,0,30.000,4496,3,0.040360,0.916870,0.0000,0,95.50,110.50,335.10,0.0
context,v10,10,3,worst,kill,-1.00,0,30.000,4496,4,0.033515,0.318060,0.0000,0,105.50,120.50,-1.00,0.0
context,v10,10,3,worst,kill,-1.00,0,30.000,4496,5,0.428491,2.267686,11.0333,0,90.50,125.50,425.10,0.0
context,v10,10,3,worst,kill,-1.00,0,30.000,4496,6,0.471580,2.415861,11.9667,0,105.50,105.50,410.10,0.0
context,v10,10,3,worst,kill,-1.00,0,30.000,4496,7,0.059170,0.764622,0.0000,0,105.50,110.50,375.10,0.0
context,v10,10,3,worst,kill,-1.00,0,30.000,4496,8,0.066742,0.989417,0.8667,0,105.50,105.50,235.10,0.0
context,v10,10,3,worst,kill,-1.00,0,30.000,4496,9,0.025580,0.198545,0.0000,0,95.50,115.50,-1.00,0.0
honest,v10,10,3,worst,kill,-1.00,0,30.000,4496,0,0.028499,0.177840,0.0000,0,105.50,125.50,-1.00,0.0
honest,v10,10,3,worst,kill,-1.00,0,30.000,4496,1,0.040795,0.207821,0.0000,0,105.50,125.50,-1.00,0.0
honest,v10,10,3,worst,kill,-1.00,0,30.000,4496,2,0.044870,0.275475,0.0000,0,105.50,120.50,-1.00,0.0
honest,v10,10,3,worst,kill,-1.00,0,30.000,4496,3,0.039265,0.910958,0.0000,0,100.50,120.50,335.10,0.0
honest,v10,10,3,worst,kill,-1.00,0,30.000,4496,4,0.033727,0.318434,0.0000,0,105.50,130.50,-1.00,0.0
honest,v10,10,3,worst,kill,-1.00,0,30.000,4496,5,0.429201,2.268524,11.0333,0,100.50,115.50,425.10,0.0
honest,v10,10,3,worst,kill,-1.00,0,30.000,4496,6,0.456718,2.386993,11.4667,0,105.50,105.50,415.10,0.0
honest,v10,10,3,worst,kill,-1.00,0,30.000,4496,7,0.054950,0.749753,0.0000,0,105.50,125.50,380.10,0.0
honest,v10,10,3,worst,kill,-1.00,0,30.000,4496,8,0.067298,1.008836,0.9333,0,105.50,125.50,185.10,0.0
honest,v10,10,3,worst,kill,-1.00,0,30.000,4496,9,0.020663,0.183068,0.0000,0,105.50,125.50,-1.00,0.0
ttu,v10,10,3,worst,kill,-1.00,0,30.000,5,0,0.021614,0.181708,0.0000,0,90.50,90.50,-1.00,0.0
ttu,v10,10,3,worst,kill,-1.00,0,30.000,5,1,0.039110,0.181708,0.0000,0,90.50,90.50,-1.00,0.0
ttu,v10,10,3,worst,kill,-1.00,0,30.000,5,2,0.045998,0.264789,0.0000,0,90.50,90.50,-1.00,0.0
ttu,v10,10,3,worst,kill,-1.00,0,30.000,5,3,0.038284,0.923330,0.0000,0,90.50,100.50,335.10,0.0
ttu,v10,10,3,worst,kill,-1.00,0,30.000,5,4,0.030518,0.298550,0.0000,0,95.50,95.50,-1.00,0.0
ttu,v10,10,3,worst,kill,-1.00,0,30.000,5,5,0.508307,2.736186,13.4667,0,100.50,100.50,420.10,0.0
ttu,v10,10,3,worst,kill,-1.00,0,30.000,5,6,0.627769,3.133289,15.1333,0,100.50,110.50,400.10,0.0
ttu,v10,10,3,worst,kill,-1.00,0,30.000,5,7,0.056130,0.834770,0.0000,0,110.50,110.50,375.10,0.0
ttu,v10,10,3,worst,kill,-1.00,0,30.000,5,8,0.064465,0.972614,0.8667,0,100.50,110.50,235.10,0.0
ttu,v10,10,3,worst,kill,-1.00,0,30.000,5,9,0.015012,0.175398,0.0000,0,85.50,85.50,-1.00,0.0
rm,v10,12,3,worst,kill,-1.00,0,30.000,11992,0,0.023119,0.193611,0.0000,0,90.50,110.50,-1.00,0.0
rm,v10,12,3,worst,kill,-1.00,0,30.000,11992,1,0.040704,0.182397,0.0000,0,90.50,90.50,-1.00,0.0
rm,v10,12,3,worst,kill,-1.00,0,30.000,11992,2,0.075666,0.913404,0.5667,0,90.50,90.50,385.10,0.0
rm,v10,12,3,worst,kill,-1.00,0,30.000,11992,3,0.092938,0.850810,0.9333,0,90.50,90.50,320.10,0.0
rm,v10,12,3,worst,kill,-1.00,0,30.000,11992,4,0.029709,0.372205,0.0000,0,90.50,90.50,-1.00,0.0
rm,v10,12,3,worst,kill,-1.00,0,30.000,11992,5,0.145453,2.137507,2.5667,0,100.50,100.50,430.10,0.0
rm,v10,12,3,worst,kill,-1.00,0,30.000,11992,6,0.606260,3.245486,15.1333,0,85.50,85.50,390.10,0.0
rm,v10,12,3,worst,kill,-1.00,0,30.000,11992,7,0.581233,3.029576,14.4333,0,85.50,85.50,405.10,0.0
rm,v10,12,3,worst,kill,-1.00,0,30.000,11992,8,7.401093,39.302210,61.0333,676,85.50,85.50,0.00,8505.0
rm,v10,12,3,worst,kill,-1.00,0,30.000,11992,9,2.558619,16.235346,31.7000,445,85.50,85.50,0.00,5210.0
rm,v10,12,3,worst,kill,-1.00,0,30.000,11992,10,169650.081511,523892.552163,99.0000,2922,-1.00,-1.00,0.00,29655.0
rm,v10,12,3,worst,kill,-1.00,0,30.000,11992,11,408.974655,7733.650085,18.9000,476,-1.00,-1.00,0.00,5025.0
prm,v10,12,3,worst,kill,-1.00,0,30.000,8994,0,0.018840,0.182397,0.0000,0,90.50,90.50,-1.00,0.0
prm,v10,12,3,worst,kill,-1.00,0,30.000,8994,1,0.031535,0.182397,0.0000,0,90.50,90.50,-1.00,0.0
prm,v10,12,3,worst,kill,-1.00,0,30.000,8994,2,0.060111,0.814939,0.0000,0,90.50,90.50,385.10,0.0
prm,v10,12,3,worst,kill,-1.00,0,30.000,8994,3,0.096483,0.911867,0.9667,0,90.50,100.50,270.10,0.0
prm,v10,12,3,worst,kill,-1.00,0,30.000,8994,4,0.031640,0.402594,0.0000,0,90.50,100.50,425.10,0.0
prm,v10,12,3,worst,kill,-1.00,0,30.000,8994,5,0.111368,1.505968,2.0000,0,90.50,100.50,-1.00,0.0
prm,v10,12,3,worst,kill,-1.00,0,30.000,8994,6,0.429499,2.291013,11.2333,0,85.50,85.50,435.10,0.0
prm,v10,12,3,worst,kill,-1.00,0,30.000,8994,7,0.405270,2.114214,10.5667,0,85.50,85.50,435.10,0.0
prm,v10,12,3,worst,kill,-1.00,0,30.000,8994,8,0.192668,1.631558,4.2000,0,85.50,85.50,340.10,0.0
prm,v10,12,3,worst,kill,-1.00,0,30.000,8994,9,489132.496682,1984304.629958,84.4667,2469,-1.00,-1.00,0.00,25045.0
prm,v10,12,3,worst,kill,-1.00,0,30.000,8994,10,169650.081511,523892.552163,99.0000,2922,-1.00,-1.00,0.00,29655.0
prm,v10,12,3,worst,kill,-1.00,0,30.000,8994,11,408.974655,7733.650085,18.9000,476,-1.00,-1.00,0.00,5025.0
edf,v10,12,3,worst,kill,-1.00,0,30.000,11992,0,0.023119,0.193611,0.0000,0,90.50,110.50,-1.00,0.0
edf,v10,12,3,worst,kill,-1.00,0,30.000,11992,1,0.040704,0.182397,0.0000,0,90.50,90.50,-1.00,0.0
edf,v10,12,3,worst,kill,-1.00,0,30.000,11992,2,0.075666,0.913404,0.5667,0,90.50,90.50,385.10,0.0
edf,v10,12,3,worst,kill,-1.00,0,30.000,11992,3,0.092938,0.850810,0.9333,0,90.50,90.50,320.10,0.0
edf,v10,12,3,worst,kill,-1.00,0,30.000,11992,4,0.029709,0.372205,0.0000,0,90.50,90.50,-1.00,0.0
edf,v10,12,3,worst,kill,-1.00,0,30.000,11992,5,0.123612,1.809397,2.4333,0,90.50,90.50,-1.00,0.0
edf,v10,12,3,worst,kill,-1.00,0,30.000,11992,6,0.601746,3.221292,15.0333,0,85.50,95.50,390.10,0.0
edf,v10,12,3,worst,kill,-1.00,0,30.000,11992,7,0.577646,2.998726,14.4000,0,85.50,95.50,405.10,0.0
edf,v10,12,3,worst,kill,-1.00,0,30.000,11992,8,0.282593,2.335433,6.5333,0,85.50,95.50,300.10,0.0
edf,v10,12,3,worst,kill,-1.00,0,30.000,11992,9,2.573224,16.399857,31.6667,456,80.50,95.50,0.00,5370.0
edf,v10,12,3,worst,kill,-1.00,0,30.000,11992,10,169650.081511,523892.552163,99.0000,2922,-1.00,-1.00,0.00,29655.0
edf,v10,12,3,worst,kill,-1.00,0,30.000,11992,11,408.974655,7733.650085,18.9000,476,-1.00,-1.00,0.00,5025.0
context,v10,12,3,worst,kill,-1.00,0,30.000,12005,0,0.115503,0.337618,0.0000,0,770.50,790.50,-1.00,0.0
context,v10,12,3,worst,kill,-1.00,0,30.000,12005,1,0.144475,0.694981,0.5667,0,1080.50,1100.50,-1.00,0.0
context,v10,12,3,worst,kill,-1.00,0,30.000,12005,2,0.087823,0.894245,0.5667,0,540.50,560.50,385.10,0.0
context,v10,12,3,worst,kill,-1.00,0,30.000,12005,3,0.103490,0.843263,0.9000,0,540.50,560.50,320.10,0.0
context,v10,12,3,worst,kill,-1.00,0,30.000,12005,4,0.059848,0.392291,0.0000,0,715.50,730.50,-1.00,0.0
context,v10,12,3,worst,kill,-1.00,0,30.000,12005,5,0.219876,1.680507,3.2333,0,1090.50,1110.50,-1.00,0.0
context,v10,12,3,worst,kill,-1.00,0,30.000,12005,6,0.464850,2.115201,10.7333,0,1100.50,1120.50,435.10,0.0
context,v10,12,3,worst,kill,-1.00,0,30.000,12005,7,0.765673,3.157842,16.7000,0,805.50,825.50,400.10,0.0
context,v10,12,3,worst,kill,-1.00,0,30.000,12005,8,0.269179,2.012818,5.6333,0,1950.50,1970.50,345.10,0.0
context,v10,12,3,worst,kill,-1.00,0,30.000,12005,9,0.151065,0.409910,0.0000,0,630.50,650.50,-1.00,0.0
context,v10,12,3,worst,kill,-1.00,0,30.000,12005,10,0.173921,0.667377,0.0000,0,640.50,665.50,295.10,0.0
context,v10,12,3,worst,kill,-1.00,0,30.000,12005,11,0.166937,0.509026,0.0000,0,670.50,690.50,-1.00,0.0
honest,v10,12,3,worst,kill,-1.00,0,30.000,12029,0,0.124587,0.526883,0.0000,0,960.50,980.50,-1.00,0.0
honest,v10,12,3,worst,kill,-1.00,0,30.000,12029,1,0.120449,0.382344,0.0000,0,1740.50,1760.50,-1.00,0.0
honest,v10,12,3,worst,kill,-1.00,0,30.000,12029,2,0.128832,0.889669,0.5667,0,1070.50,1090.50,385.10,0.0
honest,v10,12,3,worst,kill,-1.00,0,30.000,12029,3,0.206478,1.118483,3.5333,0,740.50,760.50,320.10,0.0
honest,v10,12,3,worst,kill,-1.00,0,30.000,12029,4,0.071205,0.476411,0.0000,0,920.50,940.50,-1.00,0.0
honest,v10,12,3,worst,kill,-1.00,0,30.000,12029,5,0.247998,1.661317,3.5667,0,1015.50,1030.50,-1.00,0.0
honest,v10,12,3,worst,kill,-1.00,0,30.000,12029,6,0.479183,2.103361,10.8000,0,985.50,1005.50,435.10,0.0
honest,v10,12,3,worst,kill,-1.00,0,30.000,12029,7,0.781254,3.281724,17.2333,0,1335.50,1335.50,385.10,0.0
honest,v10,12,3,worst,kill,-1.00,0,30.000,12029,8,0.264321,2.009091,5.6333,0,1499.90,1519.90,345.10,0.0
honest,v10,12,3,worst,kill,-1.00,0,30.000,12029,9,0.123014,0.318758,0.0000,0,820.50,840.50,-1.00,0.0
honest,v10,12,3,worst,kill,-1.00,0,30.000,12029,10,0.191756,0.682385,0.0000,0,600.50,625.50,245.10,0.0
honest,v10,12,3,worst,kill,-1.00,0,30.000,12029,11,0.132615,0.223611,0.0000,0,530.50,550.50,-1.00,0.0
ttu,v10,12,3,worst,kill,-1.00,0,30.000,11992,0,0.022942,0.195651,0.0000,0,90.50,110.50,-1.00,0.0
ttu,v10,12,3,worst,kill,-1.00,0,30.000,11992,1,0.040708,0.182515,0.0000,0,95.50,95.50,-1.00,0.0
ttu,v10,12,3,worst,kill,-1.00,0,30.000,11992,2,0.073695,0.906970,0.5667,0,90.50,100.50,385.10,0.0
ttu,v10,12,3,worst,kill,-1.00,0,30.000,11992,3,0.093550,0.852503,0.9333,0,100.50,100.50,320.10,0.0
ttu,v10,12,3,worst,kill,-1.00,0,30.000,11992,4,0.031160,0.387281,0.0000,0,100.50,100.50,425.10,0.0
ttu,v10,12,3,worst,kill,-1.00,0,30.000,11992,5,0.144221,2.120833,2.6333,0,100.50,100.50,430.10,0.0
ttu,v10,12,3,worst,kill,-1.00,0,30.000,11992,6,0.588403,3.114608,14.8333,0,100.50,110.50,405.10,0.0
ttu,v10,12,3,worst,kill,-1.00,0,30.000,11992,7,0.634003,3.162146,15.1333,0,110.50,110.50,400.10,0.0
ttu,v10,12,3,worst,kill,-1.00,0,30.000,11992,8,1.197734,5.550226,41.6667,0,110.50,110.50,220.10,0.0
ttu,v10,12,3,worst,kill,-1.00,0,30.000,11992,9,0.626688,2.701355,54.6667,0,165.50,165.50,390.10,0.0
ttu,v10,12,3,worst,kill,-1.00,0,30.000,11992,10,4.415153,6.600613,71.8000,0,4180.50,4180.50,295.10,0.0
ttu,v10,12,3,worst,kill,-1.00,0,30.000,11992,11,0.896018,6.015691,14.1333,0,1070.50,1070.50,395.10,0.0
rm,v10,14,3,worst,kill,-1.00,0,30.000,25483,0,0.021676,0.182397,0.0000,0,90.50,90.50,-1.00,0.0
rm,v10,14,3,worst,kill,-1.00,0,30.000,25483,1,0.035371,0.182397,0.0000,0,90.50,90.50,-1.00,0.0
rm,v10,14,3,worst,kill,-1.00,0,30.000,25483,2,0.079986,0.913404,0.5667,0,90.50,90.50,385.10,0.0
rm,v10,14,3,worst,kill,-1.00,0,30.000,25483,3,0.032279,0.182397,0.0000,0,90.50,90.50,-1.00,0.0
rm,v10,14,3,worst,kill,-1.00,0,30.000,25483,4,0.044784,0.477326,0.0000,0,90.50,90.50,405.10,0.0
rm,v10,14,3,worst,kill,-1.00,0,30.000,25483,5,0.027335,0.309563,0.0000,0,90.50,90.50,-1.00,0.0
rm,v10,14,3,worst,kill,-1.00,0,30.000,25483,6,0.202105,1.878714,4.5667,0,85.50,85.50,420.10,0.0
rm,v10,14,3,worst,kill,-1.00,0,30.000,25483,7,12.565621,61.414975,65.0333,724,85.50,85.50,0.00,10000.0
rm,v10,14,3,worst,kill,-1.00,0,30.000,25483,8,12.800199,61.104528,58.2667,758,85.50,85.50,0.00,10285.0
rm,v10,14,3,worst,kill,-1.00,0,30.000,25483,9,32818.130132,297562.197136,60.7000,1678,-1.00,-1.00,0.00,17510.0
rm,v10,14,3,worst,kill,-1.00,0,30.000,25483,10,251593.711658,1256368.375666,70.4667,2048,-1.00,-1.00,0.00,20835.0
rm,v10,14,3,worst,kill,-1.00,0,30.000,25483,11,837082.032227,2858920.875621,98.2333,2885,-1.00,-1.00,0.00,29210.0
rm,v10,14,3,worst,kill,-1.00,0,30.000,25483,12,13229.984284,39161.867870,98.9000,2910,-1.00,-1.00,0.00,29475.0
rm,v10,14,3,worst,kill,-1.00,0,30.000,25483,13,1281.106738,20959.360123,23.5667,616,-1.00,-1.00,0.00,6425.0
prm,v10,14,3,worst,kill,-1.00,0,30.000,26982,0,0.018840,0.182397,0.0000,0,90.50,90.50,-1.00,0.0
prm,v10,14,3,worst,kill,-1.00,0,30.000,26982,1,0.027415,0.182397,0.0000,0,90.50,90.50,-1.00,0.0
prm,v10,14,3,worst,kill,-1.00,0,30.000,26982,2,0.063207,0.814939,0.0000,0,90.50,90.50,385.10,0.0
prm,v10,14,3,worst,kill,-1.00,0,30.000,26982,3,0.027738,0.186252,0.0000,0,90.50,100.50,-1.00,0.0
prm,v10,14,3,worst,kill,-1.00,0,30.000,26982,4,0.039281,0.439733,0.0000,0,90.50,100.50,-1.00,0.0
prm,v10,14,3,worst,kill,-1.00,0,30.000,26982,5,0.028586,0.326828,0.0000,0,90.50,100.50,-1.00,0.0
prm,v10,14,3,worst,kill,-1.00,0,30.000,26982,6,118294.729743,596710.339948,98.6000,2882,-1.00,-1.00,0.00,29290.0
prm,v10,14,3,worst,kill,-1.00,0,30.000,26982,7,441729.935335,1494657.547121,97.8667,2892,-1.00,-1.00,0.00,29285.0
prm,v10,14,3,worst,kill,-1.00,0,30.000,26982,8,0.386679,2.051532,10.2667,0,85.50,85.50,440.10,0.0
prm,v10,14,3,worst,kill,-1.00,0,30.000,26982,9,32818.130132,297562.197136,60.7000,1678,-1.00,-1.00,0.00,17510.0
prm,v10,14,3,worst,kill,-1.00,0,30.000,26982,10,251593.711658,1256368.375666,70.4667,2048,-1.00,-1.00,0.00,20835.0
prm,v10,14,3,worst,kill,-1.00,0,30.000,26982,11,837082.032227,2858920.875621,98.2333,2885,-1.00,-1.00,0.00,29210.0
prm,v10,14,3,worst,kill,-1.00,0,30.000,26982,12,13229.984284,39161.867870,98.9000,2910,-1.00,-1.00,0.00,29475.0
prm,v10,14,3,worst,kill,-1.00,0,30.000,26982,13,1281.106738,20959.360123,23.5667,616,-1.00,-1.00,0.00,6425.0
edf,v10,14,3,worst,kill,-1.00,0,30.000,25483,0,0.021676,0.182397,0.0000,0,90.50,90.50,-1.00,0.0
edf,v10,14,3,worst,kill,-1.00,0,30.000,25483,1,0.035371,0.182397,0.0000,0,90.50,90.50,-1.00,0.0
edf,v10,14,3,worst,kill,-1.00,0,30.000,25483,2,0.079986,0.913404,0.5667,0,90.50,90.50,385.10,0.0
edf,v10,14,3,worst,kill,-1.00,0,30.000,25483,3,0.032279,0.182397,0.0000,0,90.50,90.50,-1.00,0.0
edf,v10,14,3,worst,kill,-1.00,0,30.000,25483,4,0.044784,0.477326,0.0000,0,90.50,90.50,405.10,0.0
edf,v10,14,3,worst,kill,-1.00,0,30.000,25483,5,0.025438,0.295025,0.0000,0,75.50,90.50,-1.00,0.0
edf,v10,14,3,worst,kill,-1.00,0,30.000,25483,6,0.202419,1.803772,4.3667,0,85.50,95.50,425.10,0.0
edf,v10,14,3,worst,kill,-1.00,0,30.000,25483,7,0.601746,3.221292,15.0333,0,85.50,95.50,390.10,0.0
edf,v10,14,3,worst,kill,-1.00,0,30.000,25483,8,0.552123,2.917026,14.1667,0,85.50,95.50,410.10,0.0
edf,v10,14,3,worst,kill,-1.00,0,30.000,25483,9,14.427422,63.878089,71.8333,998,80.50,95.50,0.00,12935.0
edf,v10,14,3,worst,kill,-1.00,0,30.000,25483,10,251593.711658,1256368.375666,70.4667,2048,-1.00,-1.00,0.00,20835.0
edf,v10,14,3,worst,kill,-1.00,0,30.000,25483,11,837082.032227,2858920.875621,98.2333,2885,-1.00,-1.00,0.00,29210.0
edf,v10,14,3,worst,kill,-1.00,0,30.000,25483,12,13229.984284,39161.867870,98.9000,2910,-1.00,-1.00,0.00,29475.0
edf,v10,14,3,worst,kill,-1.00,0,30.000,25483,13,1281.106738,20959.360123,23.5667,616,-1.00,-1.00,0.00,6425.0
context,v10,14,3,worst,kill,-1.00,0,30.000,27045,0,1.159184,4.485270,29.2000,0,1730.50,1750.50,210.10,0.0
context,v10,14,3,worst,kill,-1.00,0,30.000,27045,1,0.792483,3.451447,18.3667,0,1130.50,1150.50,175.10,0.0
context,v10,14,3,worst,kill,-1.00,0,30.000,27045,2,0.900910,3.461157,21.3000,0,1070.50,1095.50,240.10,0.0
context,v10,14,3,worst,kill,-1.00,0,30.000,27045,3,0.708830,2.028848,18.0333,0,1060.50,1080.50,355.10,0.0
context,v10,14,3,worst,kill,-1.00,0,30.000,27045,4,0.507536,1.412778,8.9667,0,940.50,960.50,405.10,0.0
context,v10,14,3,worst,kill,-1.00,0,30.000,27045,5,0.623026,2.121005,11.2333,0,1050.50,1070.50,320.10,0.0
context,v10,14,3,worst,kill,-1.00,0,30.000,27045,6,1.009433,3.377801,23.0000,0,1075.50,1095.50,275.10,0.0
context,v10,14,3,worst,kill,-1.00,0,30.000,27045,7,0.988690,3.694693,21.4667,0,1040.50,1055.50,130.10,0.0
context,v10,14,3,worst,kill,-1.00,0,30.000,27045,8,1.546959,7.791521,30.8667,0,730.50,750.50,0.00,30.0
context,v10,14,3,worst,kill,-1.00,0,30.000,27045,9,1.146652,3.180255,30.4667,0,1360.50,1380.50,210.10,0.0
context,v10,14,3,worst,kill,-1.00,0,30.000,27045,10,1.095800,4.090896,25.0667,0,1520.50,1540.50,185.10,0.0
context,v10,14,3,worst,kill,-1.00,0,30.000,27045,11,1.188600,3.332347,30.7000,0,700.50,720.50,230.10,0.0
context,v10,14,3,worst,kill,-1.00,0,30.000,27045,12,1.251564,5.029038,28.8000,0,985.50,1005.50,190.10,0.0
context,v10,14,3,worst,kill,-1.00,0,30.000,27045,13,1.071258,3.453566,28.9333,0,1780.50,1800.50,300.10,0.0
honest,v10,14,3,worst,kill,-1.00,0,30.000,27029,0,0.264300,0.897286,2.0000,0,3115.50,3135.50,-1.00,0.0
honest,v10,14,3,worst,kill,-1.00,0,30.000,27029,1,6.766879,44.583287,48.0667,363,3045.50,3065.50,0.00,5240.0
honest,v10,14,3,worst,kill,-1.00,0,30.000,27029,2,41050.688116,247941.448197,70.4333,1991,22325.50,22325.50,0.00,20115.0
honest,v10,14,3,worst,kill,-1.00,0,30.000,27029,3,0.611272,3.709180,15.2333,0,2504.90,2524.90,0.00,120.0
honest,v10,14,3,worst,kill,-1.00,0,30.000,27029,4,7.223157,75.358989,30.8667,340,3100.50,3120.50,0.00,4255.0
honest,v10,14,3,worst,kill,-1.00,0,30.000,27029,5,0.567497,5.667903,11.8000,0,1705.50,1720.50,370.10,0.0
honest,v10,14,3,worst,kill,-1.00,0,30.000,27029,6,1.631927,8.095835,24.6333,0,2420.50,2440.50,0.00,265.0
honest,v10,14,3,worst,kill,-1.00,0,30.000,27029,7,0.455539,1.903784,9.5667,0,825.50,845.50,425.10,0.0
honest,v10,14,3,worst,kill,-1.00,0,30.000,27029,8,0.863652,3.380797,20.8000,0,2690.50,2710.50,395.10,0.0
honest,v10,14,3,worst,kill,-1.00,0,30.000,27029,9,1.706038,12.534839,30.9667,34,1980.50,2000.50,0.00,610.0
honest,v10,14,3,worst,kill,-1.00,0,30.000,27029,10,0.261221,1.006133,2.4667,0,1680.50,1700.50,-1.00,0.0
honest,v10,14,3,worst,kill,-1.00,0,30.000,27029,11,0.275977,1.374382,4.1667,0,885.50,905.50,-1.00,0.0
honest,v10,14,3,worst,kill,-1.00,0,30.000,27029,12,0.421069,1.785589,4.9333,0,1600.50,1620.50,325.10,0.0
honest,v10,14,3,worst,kill,-1.00,0,30.000,27029,13,3.298228,24.497984,39.8667,397,8280.50,8300.50,0.00,4355.0
ttu,v10,14,3,worst,kill,-1.00,0,30.000,25483,0,0.021639,0.182210,0.0000,0,90.50,110.50,-1.00,0.0
ttu,v10,14,3,worst,kill,-1.00,0,30.000,25483,1,0.035319,0.182210,0.0000,0,90.50,90.50,-1.00,0.0
ttu,v10,14,3,worst,kill,-1.00,0,30.000,25483,2,0.080653,0.943888,0.5667,0,100.50,100.50,385.10,0.0
ttu,v10,14,3,worst,kill,-1.00,0,30.000,25483,3,0.033562,0.183416,0.0000,0,100.50,100.50,-1.00,0.0
ttu,v10,14,3,worst,kill,-1.00,0,30.000,25483,4,0.045197,0.447907,0.0000,0,100.50,100.50,-1.00,0.0
ttu,v10,14,3,worst,kill,-1.00,0,30.000,25483,5,0.027365,0.306135,0.0000,0,90.50,90.50,-1.00,0.0
ttu,v10,14,3,worst,kill,-1.00,0,30.000,25483,6,0.262620,2.679819,5.4667,0,135.50,135.50,415.10,0.0
ttu,v10,14,3,worst,kill,-1.00,0,30.000,25483,7,3.070046,8.655044,60.5333,0,165.50,165.50,150.10,0.0
ttu,v10,14,3,worst,kill,-1.00,0,30.000,25483,8,2.044104,7.410301,44.4000,0,445.50,445.50,175.10,0.0
ttu,v10,14,3,worst,kill,-1.00,0,30.000,25483,9,4.826581,12.235960,75.4667,0,3370.50,3380.50,305.10,0.0
ttu,v10,14,3,worst,kill,-1.00,0,30.000,25483,10,2.505897,6.500476,45.0000,0,2990.50,2990.50,400.10,0.0
ttu,v10,14,3,worst,kill,-1.00,0,30.000,25483,11,4.186646,7.343623,67.1000,0,2860.50,2870.50,300.10,0.0
ttu,v10,14,3,worst,kill,-1.00,0,30.000,25483,12,4.515788,6.556734,72.2000,0,1930.50,1930.50,395.10,0.0
ttu,v10,14,3,worst,kill,-1.00,0,30.000,25483,13,1.105149,6.347000,17.6000,0,1470.50,1470.50,395.10,0.0
